module,table symbol,rows,feature gate,feature evidence,result,loader evidence,sha256
libipmiamioemaccessredis.so.13.1.0,g_AccessRedis_CmdHndlr@0xe7c,1,CONFIG_SPX_FEATURE_REDFISH_ENABLED,/etc/core_features:116 present,REGISTERED,"IPMIMain InitIPMIConfig IsFeatureEnabled@0x24410; LoadDynamicHandlers enable test@0x26568-0x26570 then dlopen/dlsym/table merge",600f442db2ce9989fcba1fe6e84805d3b030222eb3a7b7c932130c030c8cbfec
libipmiamioemad.so.13.1.0,g_AD_CmdHndlr@0x1b18,2,CONFIG_SPX_FEATURE_AUTHENTICATION_AD_SUPPORT,/etc/core_features:113 present,REGISTERED,"IPMIMain InitIPMIConfig IsFeatureEnabled@0x24410; LoadDynamicHandlers enable test@0x26568-0x26570 then dlopen/dlsym/table merge",be77947605e05f92f43374b59428cf6a88c47dafdebec4753620b35094e6ebcc
libipmiamioemautohostlock.so.13.0.0,g_AutoHostLock_CmdHndlr@0xa18,2,CONFIG_SPX_FEATURE_HOST_LOCK_AUTO,/etc/core_features:90 present,REGISTERED,"IPMIMain InitIPMIConfig IsFeatureEnabled@0x24410; LoadDynamicHandlers enable test@0x26568-0x26570 then dlopen/dlsym/table merge",3db0eeb58554bcd8cf7ca4d36508b881b9e46d0ed7f4b18ef301fbe8461ead24
libipmiamioembackuprestore.so.13.3.0,g_BackupRst_CmdHndlr@0x1320,3,CONFIG_SPX_FEATURE_BACKUP_CONFIG_SUPPORT,/etc/core_features:63 present,REGISTERED,"IPMIMain InitIPMIConfig IsFeatureEnabled@0x24410; LoadDynamicHandlers enable test@0x26568-0x26570 then dlopen/dlsym/table merge",c0f096abb9d145e4b10d0f261091f67eea76d27fa9aff329658de86ec3e3badf
libipmiamioembioscode.so.13.1.0,g_GetBIOSCode_CmdHndlr@0x8e0,1,CONFIG_SPX_FEATURE_BIOS_POST_CODE_IPMI_SUPPORT,/etc/core_features:72 present,REGISTERED,"IPMIMain InitIPMIConfig IsFeatureEnabled@0x24410; LoadDynamicHandlers enable test@0x26568-0x26570 then dlopen/dlsym/table merge",c8848fd18f87107f68281837370e9979a91068d058a821d90d9e6cdff7938e9a
libipmiamioembiosremotecontrol.so.13.0.0,g_GetBIOSRemoteCtrl_CmdHndlr@0x12cc,6,CONFIG_SPX_FEATURE_BIOS_REMOTE_CONTROL,/etc/core_features:73 present,REGISTERED,"IPMIMain InitIPMIConfig IsFeatureEnabled@0x24410; LoadDynamicHandlers enable test@0x26568-0x26570 then dlopen/dlsym/table merge",8690123032e5928a21e5983dc72b64c41579a8b5fa274366f8fe4acaaf0e99ce
libipmiamioemctldbg.so.13.0.0,g_CtlDbg_CmdHndlr@0x7fc,2,CONFIG_SPX_FEATURE_RUN_TIME_DBG_MSG_SUPPORT,/etc/core_features:32 present,REGISTERED,"IPMIMain InitIPMIConfig IsFeatureEnabled@0x24410; LoadDynamicHandlers enable test@0x26568-0x26570 then dlopen/dlsym/table merge",805d81c7f81a3fb82795b3a951c1d99975af0b1c2b3e51b4532b71260336abf8
libipmiamioemextendedsel.so.13.2.0,g_ExtSEL_CmdHndlr@0x30e4,4,CONFIG_SPX_FEATURE_EXTEND_SEL_SUPPORT,/etc/core_features:48 present,REGISTERED,"IPMIMain InitIPMIConfig IsFeatureEnabled@0x24410; LoadDynamicHandlers enable test@0x26568-0x26570 then dlopen/dlsym/table merge",8963fde4415c05318814d290f49843986d3dc6d31ca7430a4c22efbe40e4ea0b
libipmiamioemextpriv.so.13.0.0,g_ExtPriv_CmdHndlr@0xcf4,2,CONFIG_SPX_FEATURE_EXTENDED_PRIV,/etc/core_features:28 present,REGISTERED,"IPMIMain InitIPMIConfig IsFeatureEnabled@0x24410; LoadDynamicHandlers enable test@0x26568-0x26570 then dlopen/dlsym/table merge",3d992269dc6b7886a0602f5a5febd88ea51185463889e665e138bfe9c2347ce1
libipmiamioemfirewall.so.13.0.0,g_Firewall_CmdHndlr@0x1870,2,CONFIG_SPX_FEATURE_SYSTEM_FIREWALL_SUPPORT,/etc/core_features:6 present,REGISTERED,"IPMIMain InitIPMIConfig IsFeatureEnabled@0x24410; LoadDynamicHandlers enable test@0x26568-0x26570 then dlopen/dlsym/table merge",5f0a2a7fde9fbe542ff948a4c516daeb29ce04349a395aa727aac3bdfca858cc
libipmiamioemfirmwarerecovery.so.13.1.0,g_FirmwareRecovery_CmdHndlr@0xf4c,2,CONFIG_SPX_FEATURE_BMC_FIRMWARE_AUTO_RECOVERY,/etc/core_features:15 present,REGISTERED,"IPMIMain InitIPMIConfig IsFeatureEnabled@0x24410; LoadDynamicHandlers enable test@0x26568-0x26570 then dlopen/dlsym/table merge",36a9e52761841bc50265b9b1495691c44de5b3f3e0d40bee755990574149276d
libipmiamioemfwupdateprctl.so.13.0.0,g_FrmUpdatePrctl_CmdHndlr@0x14d4,6,CONFIG_SPX_FEATURE_FIRMWARE_UPLOAD_PROTOCOL_SELECTION,/etc/core_features:20 present,REGISTERED,"IPMIMain InitIPMIConfig IsFeatureEnabled@0x24410; LoadDynamicHandlers enable test@0x26568-0x26570 then dlopen/dlsym/table merge",4971282246494fab26245512c0e9497da5b3de0bdc1b78b7f90d33581e929bb6
libipmiamioemhostlock.so.13.0.0,g_HostLock_CmdHndlr@0xa20,2,CONFIG_SPX_FEATURE_RUNTIME_HOST_LOCK,/etc/core_features:89 present,REGISTERED,"IPMIMain InitIPMIConfig IsFeatureEnabled@0x24410; LoadDynamicHandlers enable test@0x26568-0x26570 then dlopen/dlsym/table merge",fdaccdd0e34b6f1b7fea5418b1da218eb027ce5ada06cf0add9a6ae68bfeeb55
libipmiamioeminventory.so.13.0.0,g_Inventory_CmdHndlr@0xd50,2,CONFIG_SPX_FEATURE_INVENTORY_SUPPORT,/etc/core_features:74 present,REGISTERED,"IPMIMain InitIPMIConfig IsFeatureEnabled@0x24410; LoadDynamicHandlers enable test@0x26568-0x26570 then dlopen/dlsym/table merge",cb7cade868834ffaa8bb75d1696892fe1f9f3cdd694f7572c8650de3df4a2fa4
libipmiamioemldap.so.13.1.0,g_LDAP_CmdHndlr@0x1ef0,2,CONFIG_SPX_FEATURE_AUTHENTICATION_LDAP_SUPPORT,/etc/core_features:114 present,REGISTERED,"IPMIMain InitIPMIConfig IsFeatureEnabled@0x24410; LoadDynamicHandlers enable test@0x26568-0x26570 then dlopen/dlsym/table merge",566690183af4ec56edcd885d0d534f990f64b65b1f41af334ae5635d6c666c3d
libipmiamioemmedia.so.13.4.0,g_Media_CmdHndlr@0x3d6c,6,CONFIG_SPX_FEATURE_MEDIA_SUPPORT,/etc/core_features:75 present,REGISTERED,"IPMIMain InitIPMIConfig IsFeatureEnabled@0x24410; LoadDynamicHandlers enable test@0x26568-0x26570 then dlopen/dlsym/table merge",0431f340be54deb0db97cda128a083e2d74749b5dd49d1fd6773e95d98d0274c
libipmiamioemntp.so.13.1.0,g_NTP_CmdHndlr@0x13f4,2,CONFIG_SPX_FEATURE_NTP_SERVER_SUPPORT,/etc/core_features:25 present,REGISTERED,"IPMIMain InitIPMIConfig IsFeatureEnabled@0x24410; LoadDynamicHandlers enable test@0x26568-0x26570 then dlopen/dlsym/table merge",7d7112d6e01809cb8eff40cda692e4204d4aaf9aa35d0ce340c122a99760d516
libipmiamioempamreorder.so.13.1.0,g_PAMReorder_CmdHndlr@0x21ac,2,CONFIG_SPX_FEATURE_ENABLE_PAM_REORDER_SUPPORT,/etc/core_features:112 present,REGISTERED,"IPMIMain InitIPMIConfig IsFeatureEnabled@0x24410; LoadDynamicHandlers enable test@0x26568-0x26570 then dlopen/dlsym/table merge",c00a49b406d699a9da3a024f9d20bf185d0bcb2517063ef3d7f5a682404ec82e
libipmiamioempldmcmds.so.13.4.0,g_PLDM_CmdHndlr@0x24f8,1,CONFIG_SPX_FEATURE_IPMI_PLDM_SUPPORT,/etc/core_features absent,SKIPPED,"IPMIMain InitIPMIConfig IsFeatureEnabled@0x24410 returns disabled; LoadDynamicHandlers skips when enable byte !=1 at 0x26568-0x26570",d86d9acdb6947f84323928ffb17be2fe16535d26a8b86a90a340c49e0397f318
libipmiamioemprsvconf.so.13.0.0,g_prsvconf_CmdHndlr@0xc18,4,CONFIG_SPX_FEATURE_PRESERVE_CONF_SUPPORT,/etc/core_features:16 present,REGISTERED,"IPMIMain InitIPMIConfig IsFeatureEnabled@0x24410; LoadDynamicHandlers enable test@0x26568-0x26570 then dlopen/dlsym/table merge",82657f8c973c35832722a5a7dac246bedfb7ccb6708fab2dfb1837fbfe5761a2
libipmiamioemptp.so.13.1.0,g_PTP_CmdHndlr@0x1010,7,CONFIG_SPX_FEATURE_PTP_SERVER_SUPPORT,/etc/core_features:10 present,REGISTERED,"IPMIMain InitIPMIConfig IsFeatureEnabled@0x24410; LoadDynamicHandlers enable test@0x26568-0x26570 then dlopen/dlsym/table merge",58390c888a12d6738d62ecbba389dd1eba2634fc97d1ac1a95d2c55aad9c0e0f
libipmiamioempwdenc.so.13.0.0,g_PwdEnc_CmdHndlr@0x178c,1,CONFIG_SPX_FEATURE_ENABLE_USERPSWD_ENCRYPTION,/etc/core_features:70 present,REGISTERED,"IPMIMain InitIPMIConfig IsFeatureEnabled@0x24410; LoadDynamicHandlers enable test@0x26568-0x26570 then dlopen/dlsym/table merge",7071b262a2b6ff7ad075265019b1c8115ea110e9e557715b3c37f1561680b2ef
libipmiamioempwrcons.so.13.1.0,g_PwrCons_CmdHndlr@0xfd0,2,CONFIG_SPX_FEATURE_POWER_CONSUMPTION_SUPPORT,/etc/core_features:12 present,REGISTERED,"IPMIMain InitIPMIConfig IsFeatureEnabled@0x24410; LoadDynamicHandlers enable test@0x26568-0x26570 then dlopen/dlsym/table merge",89a3ef496529ab0c9fb112edab89bc74b8e5c3a997ff24058834ce8127c9ed26
libipmiamioemradius.so.13.1.0,g_Radius_CmdHndlr@0x13f0,2,CONFIG_SPX_FEATURE_AUTHENTICATION_RADIUS_SUPPORT,/etc/core_features:115 present,REGISTERED,"IPMIMain InitIPMIConfig IsFeatureEnabled@0x24410; LoadDynamicHandlers enable test@0x26568-0x26570 then dlopen/dlsym/table merge",dc867659c98c2b1cd25be08e0468751266501f737565f1c7a156a65736344155
libipmiamioemraidinfo.so.13.0.0,g_RAIDInfo_CmdHndlr@0xf014,1,CONFIG_SPX_FEATURE_STORAGE_COMPONENT_SUPPORT,/etc/core_features:128 present,REGISTERED,"IPMIMain InitIPMIConfig IsFeatureEnabled@0x24410; LoadDynamicHandlers enable test@0x26568-0x26570 then dlopen/dlsym/table merge",6c2614b5973a68023d963402089f85ac41adf8930bfa6dd3a9f542e8be3b5ace
libipmiamioemremotekvm.so.13.2.0,g_REMOTEKVM_CmdHndlr@0x108c,2,CONFIG_SPX_FEATURE_REMOTEKVM_SUPPORT,/etc/core_features:76 present,REGISTERED,"IPMIMain InitIPMIConfig IsFeatureEnabled@0x24410; LoadDynamicHandlers enable test@0x26568-0x26570 then dlopen/dlsym/table merge",fa47591142d4fadd0e867f1fc6b77a37803318d3985512849624c20f403f9d23
libipmiamioemrestiface.so.13.4.0,g_RESTInterface_CmdHndlr@0x3b8c,2,CONFIG_SPX_FEATURE_REDFISH_ENABLED,/etc/core_features:116 present,REGISTERED,"IPMIMain InitIPMIConfig IsFeatureEnabled@0x24410; LoadDynamicHandlers enable test@0x26568-0x26570 then dlopen/dlsym/table merge",d946d007917baeb820db977522f8322b16b68e0e141255fe7cb06e694d4ad21a
libipmiamioemris.so.13.0.0,g_RIS_CmdHndlr@0x3128,5,CONFIG_SPX_FEATURE_RMEDIA_SUPPORT,/etc/core_features:102 present,REGISTERED,"IPMIMain InitIPMIConfig IsFeatureEnabled@0x24410; LoadDynamicHandlers enable test@0x26568-0x26570 then dlopen/dlsym/table merge",d2c1214242afb3e65bba48de4c6db15d2f139ef96b59e744cc97ac09b7895847
libipmiamioemsensorthresholdacrossresets.so.13.0.0,g_SensorThresholdAcrossResets_CmdHndlr@0x1488,1,CONFIG_SPX_FEATURE_SENSORTHRESHOLDACROSSRESETS_SUPPORT,/etc/core_features:111 present,REGISTERED,"IPMIMain InitIPMIConfig IsFeatureEnabled@0x24410; LoadDynamicHandlers enable test@0x26568-0x26570 then dlopen/dlsym/table merge",10755aee60cdc8828bec02cb4d78b5c8087d15f00af5fe7fc8d04d81d88db2bd
libipmiamioemserviceconf.so.13.1.0,g_ServiceConf_CmdHndlr@0x2d5c,2,CONFIG_SPX_FEATURE_SERVICES_SUPPORT,/etc/core_features:13 present,REGISTERED,"IPMIMain InitIPMIConfig IsFeatureEnabled@0x24410; LoadDynamicHandlers enable test@0x26568-0x26570 then dlopen/dlsym/table merge",a62799d9a4788c8b4c60e5d7fea057ff44ba6a63bda26cfb50b313928dcc8af7
libipmiamioemsessionmgmt.so.13.0.0,g_SessionMgmt_CmdHndlr@0x1224,2,CONFIG_SPX_FEATURE_SESSION_MANAGEMENT_SUPPORT,/etc/core_features:14 present,REGISTERED,"IPMIMain InitIPMIConfig IsFeatureEnabled@0x24410; LoadDynamicHandlers enable test@0x26568-0x26570 then dlopen/dlsym/table merge",44d82c9264ed8f7d2d7b5ce1529fb4f89143792b6236f7ed85bdcea634cd0a4e
libipmiamioemsingleport.so.13.0.0,g_SinglePort_CmdHndlr@0x844,2,CONFIG_SPX_FEATURE_SINGLE_PORT_APP,/etc/core_features:26 present,REGISTERED,"IPMIMain InitIPMIConfig IsFeatureEnabled@0x24410; LoadDynamicHandlers enable test@0x26568-0x26570 then dlopen/dlsym/table merge",0ea161e64902751a8432a21de8695c279ef1d58b34e83d88338664bfdceb6d1a
libipmiamioemsmashlitecorecmds.so.13.0.0,g_SMASHLITE_CmdHndlr@0xaac,3,CONFIG_SPX_FEATURE_SMASH_LITE_SESSION_CMDS,/etc/core_features:78 present,REGISTERED,"IPMIMain InitIPMIConfig IsFeatureEnabled@0x24410; LoadDynamicHandlers enable test@0x26568-0x26570 then dlopen/dlsym/table merge",185edab3b605d061132b61a234916e658ab8c38eeb60bf91b2aa9779f3362bac
libipmiamioemsnmp.so.13.0.0,g_SNMP_CmdHndlr@0x11f0,2,CONFIG_SPX_FEATURE_SNMP_SUPPORT,/etc/core_features:27 present,REGISTERED,"IPMIMain InitIPMIConfig IsFeatureEnabled@0x24410; LoadDynamicHandlers enable test@0x26568-0x26570 then dlopen/dlsym/table merge",6f7f217e35ea69304decc2c874fd970ea0d01e79a05aff480e386a6b8fce600b
libipmiamioemsshconf.so.13.0.0,g_SSHConf_CmdHndlr@0x10b0,2,CONFIG_SPX_FEATURE_SSH_CONF,/etc/core_features:79 present,REGISTERED,"IPMIMain InitIPMIConfig IsFeatureEnabled@0x24410; LoadDynamicHandlers enable test@0x26568-0x26570 then dlopen/dlsym/table merge",39237c9123274fb25d1f7ced15722fb674cf65e328fd1f15bb392d3183299ff2
libipmiamioemtimezone.so.13.3.0,g_TimeZone_CmdHndlr@0x1018,2,CONFIG_SPX_FEATURE_GLOBAL_TIME_ZONE_SUPPORT,/etc/core_features:41 present,REGISTERED,"IPMIMain InitIPMIConfig IsFeatureEnabled@0x24410; LoadDynamicHandlers enable test@0x26568-0x26570 then dlopen/dlsym/table merge",364298a9533af2f149451d227dfb992b0dc0fca981b47189678a96ff1e18fe5e
libipmiamioemubootmemtest.so.13.0.0,g_Memtest_CmdHndlr@0x91c,2,CONFIG_SPX_FEATURE_UBOOT_MEMTEST_SUPPORT,/etc/core_features:23 present,REGISTERED,"IPMIMain InitIPMIConfig IsFeatureEnabled@0x24410; LoadDynamicHandlers enable test@0x26568-0x26570 then dlopen/dlsym/table merge",d323b32db44e08307ae12903cb7425c68164ae265d39cadfd8d4b722b2f234ab
libpldmfwupdate.so.13.2.0,g_PLDM_CmdHndlr@0x22bc,1,CONFIG_SPX_FEATURE_IPMI_PLDM_SUPPORT,/etc/core_features absent,SKIPPED,"IPMIMain InitIPMIConfig IsFeatureEnabled@0x24410 returns disabled; LoadDynamicHandlers skips when enable byte !=1 at 0x26568-0x26570",e1085d45cacbcbaef987d0df4a0b5711915f23b7961db5d793cfee0c7414ecd8
