table	netfn	scope	index	cmd	min_priv	req_len	marker	ifc_support	handler	elf_handler	ghidra_handler	elf_record	ghidra_record
g_Oem_App_CmdHndlr	0x06	normal	0	0x01	0x02	variable	0xaaaa	0x0000	OEM_FTS_GetDeviceID	0x00026240	0x00036240	0x00031fcc	0x00041fcc
g_Oem_App_CmdHndlr	0x06	normal	1	0x37	0x02	variable	0xaaaa	0x0000	OEM_FTS_GetSystemGUID	0x00026320	0x00036320	0x00031fdc	0x00041fdc
g_Oem_App_CmdHndlr	0x06	normal	2	0x45	0x04	variable	0xaaaa	0x0000	OEM_FTS_SetUserName	0x00018c90	0x00028c90	0x00031fec	0x00041fec
g_Oem_App_CmdHndlr	0x06	normal	3	0x47	0x04	variable	0xaaaa	0x0000	OEM_FTS_SetUserPassword	0x00018d1c	0x00028d1c	0x00031ffc	0x00041ffc
g_Oem_App_CmdHndlr	0x06	normal	4	0x43	0x04	variable	0xaaaa	0x0000	OEM_FTS_SetUserAccess	0x00018e00	0x00028e00	0x0003200c	0x0004200c
g_Oem_App_CmdHndlr	0x06	normal	5	0x40	0x04	3	0xaaaa	0x0000	OEM_FTS_SetChAccess	0x00018e6c	0x00028e6c	0x0003201c	0x0004201c
g_Oem_App_CmdHndlr	0x06	normal	6	0x58	0x04	variable	0xaaaa	0x0000	OEM_FTS_SetSystemInfoParam	0x00018f10	0x00028f10	0x0003202c	0x0004202c
g_Oem_App_CmdHndlr	0x06	normal	7	0x00	0x00	0	0x0000	0x0000	?	-	0x00000000	0x0003203c	0x0004203c
g_LUN11_App_CmdHndlr	0x0a	wire LUN 3	0	0x10	0x04	variable	0xaaaa	0x0000	OEM_FTS_GetInventoryLUN3	0x00027068	0x00037068	0x0003209c	0x0004209c
g_LUN11_App_CmdHndlr	0x0a	wire LUN 3	1	0x11	0x04	variable	0xaaaa	0x0000	OEM_FTS_ReadFRUDataLUN3	0x000270cc	0x000370cc	0x000320ac	0x000420ac
g_LUN11_App_CmdHndlr	0x0a	wire LUN 3	2	0x12	0x04	variable	0xaaaa	0x0000	OEM_FTS_WriteFRUDataLUN3	0x00027174	0x00037174	0x000320bc	0x000420bc
g_LUN11_App_CmdHndlr	0x0a	wire LUN 3	3	0x00	0x00	0	0x0000	0x0000	?	-	0x00000000	0x000320cc	0x000420cc
g_OemSMMCmdHndlr	0x2e	MSMM callback	0	0xf1	0x04	variable	0xaaaa	0x0000	OEM_FTS_BiosCmds	0x000109f8	0x000209f8	0x000320dc	0x000420dc
g_OemSMMCmdHndlr	0x2e	MSMM callback	1	0xf5	0x04	variable	0xaaaa	0x0000	OEM_FTS_BmcCmds	0x0001ae80	0x0002ae80	0x000320ec	0x000420ec
g_OemSMMCmdHndlr	0x2e	MSMM callback	2	0xf8	0x04	variable	0xaaaa	0x0000	OEM_FTS_BladeCmds	0x0002d724	0x0003d724	0x000320fc	0x000420fc
g_OemSMMCmdHndlr	0x2e	MSMM callback	3	0xe0	0x04	variable	0xaaaa	0x0000	OEM_FTS_SCCI_CS_Cmds	0x00023f2c	0x00033f2c	0x0003210c	0x0004210c
g_OemSMMCmdHndlr	0x2e	MSMM callback	4	0x01	0x02	variable	0xaaaa	0x0000	OEM_FTS_SCCI_POWER_Cmds	0x00024e04	0x00034e04	0x0003211c	0x0004211c
g_OemSMMCmdHndlr	0x2e	MSMM callback	5	0x02	0x02	variable	0xaaaa	0x0000	OEM_FTS_SCCI_COM_Cmds	0x000252bc	0x000352bc	0x0003212c	0x0004212c
g_OemSMMCmdHndlr	0x2e	MSMM callback	6	0x03	0x03	variable	0xaaaa	0x0000	OEM_FTS_SCCI_FAN_Cmds	0x000257e0	0x000357e0	0x0003213c	0x0004213c
g_OemSMMCmdHndlr	0x2e	MSMM callback	7	0x07	0x04	variable	0xaaaa	0x0000	OEM_FTS_SCCI_MEM_Cmds	0x00025950	0x00035950	0x0003214c	0x0004214c
g_OemSMMCmdHndlr	0x2e	MSMM callback	8	0x09	0x04	variable	0xaaaa	0x0000	OEM_FTS_SCCI_STATISTICS_Cmds	0x00025d08	0x00035d08	0x0003215c	0x0004215c
g_OemSMMCmdHndlr	0x2e	MSMM callback	9	0x10	0x04	variable	0xaaaa	0x0000	OEM_FTS_SCCI_SIGNALLING_Cmds	0x00025f88	0x00035f88	0x0003216c	0x0004216c
g_OemSMMCmdHndlr	0x2e	MSMM callback	10	0x00	0x00	0	0x0000	0x0000	?	-	0x00000000	0x0003217c	0x0004217c
g_OEM_D0_CmdHndlrBlade	0x34	blade D0	0	0x00	0x04	variable	0xaaaa	0x0000	bladesetBiosFlashParaTftp	0x0002bb1c	0x0003bb1c	0x00032194	0x00042194
g_OEM_D0_CmdHndlrBlade	0x34	blade D0	1	0x01	0x04	variable	0xaaaa	0x0000	bladegetBiosFlashParaTftp	0x0002bc60	0x0003bc60	0x000321a4	0x000421a4
g_OEM_D0_CmdHndlrBlade	0x34	blade D0	2	0x02	0x04	variable	0xaaaa	0x0000	setBiosFlashParameterImageName	0x00022f7c	0x00032f7c	0x000321b4	0x000421b4
g_OEM_D0_CmdHndlrBlade	0x34	blade D0	3	0x03	0x04	variable	0xaaaa	0x0000	getBiosFlashParameterImageName	0x00023074	0x00033074	0x000321c4	0x000421c4
g_OEM_D0_CmdHndlrBlade	0x34	blade D0	4	0x04	0x04	variable	0xaaaa	0x0000	examineBiosParameter	0x00023798	0x00033798	0x000321d4	0x000421d4
g_OEM_D0_CmdHndlrBlade	0x34	blade D0	5	0x05	0x04	variable	0xaaaa	0x0000	bladestartBiosFlashTftp	0x0002bd48	0x0003bd48	0x000321e4	0x000421e4
g_OEM_D0_CmdHndlrBlade	0x34	blade D0	6	0x06	0x04	variable	0xaaaa	0x0000	bladesetiRMCFlashParaTftp	0x0002bbec	0x0003bbec	0x000321f4	0x000421f4
g_OEM_D0_CmdHndlrBlade	0x34	blade D0	7	0x07	0x04	variable	0xaaaa	0x0000	bladegetiRMCFlashParaTftp	0x0002bcd4	0x0003bcd4	0x00032204	0x00042204
g_OEM_D0_CmdHndlrBlade	0x34	blade D0	8	0x08	0x04	variable	0xaaaa	0x0000	setiRMCFlashParameterImageName	0x00022ff8	0x00032ff8	0x00032214	0x00042214
g_OEM_D0_CmdHndlrBlade	0x34	blade D0	9	0x09	0x04	variable	0xaaaa	0x0000	getiRMCFlashParameterImageName	0x000230a4	0x000330a4	0x00032224	0x00042224
g_OEM_D0_CmdHndlrBlade	0x34	blade D0	10	0x0a	0x04	variable	0xaaaa	0x0000	examineiRMCParameter	0x000237d8	0x000337d8	0x00032234	0x00042234
g_OEM_D0_CmdHndlrBlade	0x34	blade D0	11	0x0b	0x04	variable	0xaaaa	0x0000	startiRMCFFlas	0x000233ac	0x000333ac	0x00032244	0x00042244
g_OEM_D0_CmdHndlrBlade	0x34	blade D0	12	0x0c	0x04	variable	0xaaaa	0x0000	getBiosFlashStatus	0x00023888	0x00033888	0x00032254	0x00042254
g_OEM_D0_CmdHndlrBlade	0x34	blade D0	13	0x0d	0x04	variable	0xaaaa	0x0000	getiRMCFlashStatus	0x00023428	0x00033428	0x00032264	0x00042264
g_OEM_D0_CmdHndlrBlade	0x34	blade D0	14	0x0e	0x04	variable	0xaaaa	0x0000	resetFlashStatus	0x000238b4	0x000338b4	0x00032274	0x00042274
g_OEM_D0_CmdHndlrBlade	0x34	blade D0	15	0x10	0x04	variable	0xaaaa	0x0000	getMasterMmbLocation_D010	0x0002abac	0x0003abac	0x00032284	0x00042284
g_OEM_D0_CmdHndlrBlade	0x34	blade D0	16	0x11	0x04	variable	0xaaaa	0x0000	setMasterMmbLocation	0x0002ac78	0x0003ac78	0x00032294	0x00042294
g_OEM_D0_CmdHndlrBlade	0x34	blade D0	17	0x1a	0x04	variable	0xaaaa	0x0000	getDnsName	0x0002b2c0	0x0003b2c0	0x000322a4	0x000422a4
g_OEM_D0_CmdHndlrBlade	0x34	blade D0	18	0x20	0x04	variable	0xaaaa	0x0000	setiRMCPowerControlPolicy	0x0002bdd4	0x0003bdd4	0x000322b4	0x000422b4
g_OEM_D0_CmdHndlrBlade	0x34	blade D0	19	0x21	0x04	variable	0xaaaa	0x0000	getiRMCPowerControlPolicy	0x0002c1bc	0x0003c1bc	0x000322c4	0x000422c4
g_OEM_D0_CmdHndlrBlade	0x34	blade D0	20	0x22	0x04	variable	0xaaaa	0x0000	getActualiRMCPerformanceState	0x0002c434	0x0003c434	0x000322d4	0x000422d4
g_OEM_D0_CmdHndlrBlade	0x34	blade D0	21	0x23	0x04	variable	0xaaaa	0x0000	forceiRMCMinPowerStart	0x0002c540	0x0003c540	0x000322e4	0x000422e4
g_OEM_D0_CmdHndlrBlade	0x34	blade D0	22	0x24	0x04	variable	0xaaaa	0x0000	forceiRMCMinPowerEnd	0x0002c610	0x0003c610	0x000322f4	0x000422f4
g_OEM_D0_CmdHndlrBlade	0x34	blade D0	23	0x27	0x04	variable	0xaaaa	0x0000	setFanDutyCycle	0x0002b3ec	0x0003b3ec	0x00032304	0x00042304
g_OEM_D0_CmdHndlrBlade	0x34	blade D0	24	0x28	0x04	variable	0xaaaa	0x0000	getFanDutyCycle	0x0002b444	0x0003b444	0x00032314	0x00042314
g_OEM_D0_CmdHndlrBlade	0x34	blade D0	25	0x29	0x04	variable	0xaaaa	0x0000	setPowerOnLed	0x0002b490	0x0003b490	0x00032324	0x00042324
g_OEM_D0_CmdHndlrBlade	0x34	blade D0	26	0x2a	0x04	variable	0xaaaa	0x0000	getPowerConsumptionHistorySample	0x0002c6c4	0x0003c6c4	0x00032334	0x00042334
g_OEM_D0_CmdHndlrBlade	0x34	blade D0	27	0x2c	0x04	variable	0xaaaa	0x0000	getPowerCappingCounter	0x0002c818	0x0003c818	0x00032344	0x00042344
g_OEM_D0_CmdHndlrBlade	0x34	blade D0	28	0x2d	0x04	variable	0xaaaa	0x0000	getPowerConsumptionSensorNumber	0x0002c998	0x0003c998	0x00032354	0x00042354
g_OEM_D0_CmdHndlrBlade	0x34	blade D0	29	0x2e	0x04	variable	0xaaaa	0x0000	getEnhancedPowerBudget	0x0002ba50	0x0003ba50	0x00032364	0x00042364
g_OEM_D0_CmdHndlrBlade	0x34	blade D0	30	0x44	0x04	variable	0xaaaa	0x0000	setEKeyStatus	0x0002b4d4	0x0003b4d4	0x00032374	0x00042374
g_OEM_D0_CmdHndlrBlade	0x34	blade D0	31	0x45	0x04	variable	0xaaaa	0x0000	setHssData	0x0002b540	0x0003b540	0x00032384	0x00042384
g_OEM_D0_CmdHndlrBlade	0x34	blade D0	32	0x46	0x04	variable	0xaaaa	0x0000	getSetUserAssetTag	0x0002b618	0x0003b618	0x00032394	0x00042394
g_OEM_D0_CmdHndlrBlade	0x34	blade D0	33	0x47	0x04	variable	0xaaaa	0x0000	enalbeEventLogNotification	0x0002b83c	0x0003b83c	0x000323a4	0x000423a4
g_OEM_D0_CmdHndlrBlade	0x34	blade D0	34	0x4a	0x04	variable	0xaaaa	0x0000	getBladeSelEntryLongTextIpmi	0x0002b8b8	0x0003b8b8	0x000323b4	0x000423b4
g_OEM_D0_CmdHndlrBlade	0x34	blade D0	35	0x61	0x04	variable	0xaaaa	0x0000	getIrmcLdapDepartment	0x0002cb14	0x0003cb14	0x000323c4	0x000423c4
g_OEM_D0_CmdHndlrBlade	0x34	blade D0	36	0x40	0x04	variable	0xaaaa	0x0000	getLanCardFruId	0x0002ad2c	0x0003ad2c	0x000323d4	0x000423d4
g_OEM_D0_CmdHndlrBlade	0x34	blade D0	37	0x41	0x04	variable	0xaaaa	0x0000	disableLanPort	0x0002aff8	0x0003aff8	0x000323e4	0x000423e4
g_OEM_D0_CmdHndlrBlade	0x34	blade D0	38	0x42	0x04	variable	0xaaaa	0x0000	getMezzanineMuxSettings	0x0002b070	0x0003b070	0x000323f4	0x000423f4
g_OEM_D0_CmdHndlrBlade	0x34	blade D0	39	0x43	0x04	variable	0xaaaa	0x0000	setMezzanineMuxSettings	0x0002b18c	0x0003b18c	0x00032404	0x00042404
g_OEM_D0_CmdHndlrBlade	0x34	blade D0	40	0x49	0x04	variable	0xaaaa	0x0000	getAVRSessionCnt	0x0002b8bc	0x0003b8bc	0x00032414	0x00042414
g_OEM_D0_CmdHndlrBlade	0x34	blade D0	41	0x62	0x04	variable	0xaaaa	0x0000	getBssoSessionData	0x0002cee0	0x0003cee0	0x00032424	0x00042424
g_OEM_D0_CmdHndlrBlade	0x34	blade D0	42	0x63	0x04	variable	0xaaaa	0x0000	getServerbladeType	0x0002cbb4	0x0003cbb4	0x00032434	0x00042434
g_OEM_D0_CmdHndlrBlade	0x34	blade D0	43	0x38	0x04	variable	0xaaaa	0x0000	backupiRMCSingleParameter	0x0002d104	0x0003d104	0x00032444	0x00042444
g_OEM_D0_CmdHndlrBlade	0x34	blade D0	44	0x39	0x04	variable	0xaaaa	0x0000	restoreiRMCSingleParameter	0x0002d348	0x0003d348	0x00032454	0x00042454
g_OEM_D0_CmdHndlrBlade	0x34	blade D0	45	0x80	0x04	variable	0xaaaa	0x0000	getAdaptiveModeDebugInfo	0x0002d714	0x0003d714	0x00032464	0x00042464
g_OEM_D0_CmdHndlrBlade	0x34	blade D0	46	0x00	0x00	0	0x0000	0x0000	?	-	0x00000000	0x00032474	0x00042474
g_OEM_C0_CmdHndlrBlade	0x30	blade C0	0	0x00	0x04	variable	0xaaaa	0x0000	getBootWatchdogTime	0x00027d94	0x00037d94	0x00032484	0x00042484
g_OEM_C0_CmdHndlrBlade	0x30	blade C0	1	0x01	0x04	variable	0xaaaa	0x0000	setBootWatchdogTime	0x00027ef0	0x00037ef0	0x00032494	0x00042494
g_OEM_C0_CmdHndlrBlade	0x30	blade C0	2	0x02	0x04	variable	0xaaaa	0x0000	getBootWatchdogEnable	0x00028074	0x00038074	0x000324a4	0x000424a4
g_OEM_C0_CmdHndlrBlade	0x30	blade C0	3	0x03	0x04	variable	0xaaaa	0x0000	setBootWatchdogEnable	0x000280e8	0x000380e8	0x000324b4	0x000424b4
g_OEM_C0_CmdHndlrBlade	0x30	blade C0	4	0x04	0x04	variable	0xaaaa	0x0000	getBootWatchdogBehavior	0x00028170	0x00038170	0x000324c4	0x000424c4
g_OEM_C0_CmdHndlrBlade	0x30	blade C0	5	0x05	0x04	variable	0xaaaa	0x0000	setBootWatchdogBehavior	0x000281e4	0x000381e4	0x000324d4	0x000424d4
g_OEM_C0_CmdHndlrBlade	0x30	blade C0	6	0x06	0x04	variable	0xaaaa	0x0000	getPowerFailBehavior	0x00028260	0x00038260	0x000324e4	0x000424e4
g_OEM_C0_CmdHndlrBlade	0x30	blade C0	7	0x07	0x04	variable	0xaaaa	0x0000	setPowerFailBehavior	0x000282b0	0x000382b0	0x000324f4	0x000424f4
g_OEM_C0_CmdHndlrBlade	0x30	blade C0	8	0x0a	0x04	variable	0xaaaa	0x0000	getRebootRetryCounter	0x00028304	0x00038304	0x00032504	0x00042504
g_OEM_C0_CmdHndlrBlade	0x30	blade C0	9	0x0b	0x04	variable	0xaaaa	0x0000	setRebootRetryCounter	0x00028378	0x00038378	0x00032514	0x00042514
g_OEM_C0_CmdHndlrBlade	0x30	blade C0	10	0x10	0x04	variable	0xaaaa	0x0000	getErrOffRestartTime	0x000283f4	0x000383f4	0x00032524	0x00042524
g_OEM_C0_CmdHndlrBlade	0x30	blade C0	11	0x11	0x04	variable	0xaaaa	0x0000	setErrOffRestartTime	0x0002847c	0x0003847c	0x00032534	0x00042534
g_OEM_C0_CmdHndlrBlade	0x30	blade C0	12	0x12	0x04	variable	0xaaaa	0x0000	startLoopBackTest	0x00028500	0x00038500	0x00032544	0x00042544
g_OEM_C0_CmdHndlrBlade	0x30	blade C0	13	0x13	0x04	variable	0xaaaa	0x0000	getLoopBackStatus	0x00028670	0x00038670	0x00032554	0x00042554
g_OEM_C0_CmdHndlrBlade	0x30	blade C0	14	0x14	0x04	variable	0xaaaa	0x0000	getCriticalFlag	0x000287b0	0x000387b0	0x00032564	0x00042564
g_OEM_C0_CmdHndlrBlade	0x30	blade C0	15	0x15	0x04	variable	0xaaaa	0x0000	setCriticalFlag	0x000287f0	0x000387f0	0x00032574	0x00042574
g_OEM_C0_CmdHndlrBlade	0x30	blade C0	16	0x16	0x04	variable	0xaaaa	0x0000	resetCriticalFlag	0x00028830	0x00038830	0x00032584	0x00042584
g_OEM_C0_CmdHndlrBlade	0x30	blade C0	17	0x18	0x04	variable	0xaaaa	0x0000	getCpuBladeId	0x00028868	0x00038868	0x00032594	0x00042594
g_OEM_C0_CmdHndlrBlade	0x30	blade C0	18	0x19	0x04	variable	0xaaaa	0x0000	clearPohCounter	0x000288fc	0x000388fc	0x000325a4	0x000425a4
g_OEM_C0_CmdHndlrBlade	0x30	blade C0	19	0x1a	0x04	variable	0xaaaa	0x0000	getEnableMemoryModule	0x00028980	0x00038980	0x000325b4	0x000425b4
g_OEM_C0_CmdHndlrBlade	0x30	blade C0	20	0x1b	0x04	variable	0xaaaa	0x0000	setEnableMemoryModule	0x00028a3c	0x00038a3c	0x000325c4	0x000425c4
g_OEM_C0_CmdHndlrBlade	0x30	blade C0	21	0x1c	0x04	variable	0xaaaa	0x0000	getDisableMemoryModuleReason	0x00028af4	0x00038af4	0x000325d4	0x000425d4
g_OEM_C0_CmdHndlrBlade	0x30	blade C0	22	0x1d	0x04	variable	0xaaaa	0x0000	setDisableMemoryModuleReason	0x00028bb4	0x00038bb4	0x000325e4	0x000425e4
g_OEM_C0_CmdHndlrBlade	0x30	blade C0	23	0x20	0x04	variable	0xaaaa	0x0000	getGracefulShutdownEnalbe	0x00028c68	0x00038c68	0x000325f4	0x000425f4
g_OEM_C0_CmdHndlrBlade	0x30	blade C0	24	0x21	0x04	variable	0xaaaa	0x0000	setGracefulShutdownEnable	0x00028ca4	0x00038ca4	0x00032604	0x00042604
g_OEM_C0_CmdHndlrBlade	0x30	blade C0	25	0x22	0x04	variable	0xaaaa	0x0000	getGracefulShutdownFlag	0x00028cd8	0x00038cd8	0x00032614	0x00042614
g_OEM_C0_CmdHndlrBlade	0x30	blade C0	26	0x23	0x04	variable	0xaaaa	0x0000	getEnableCpu	0x00028d28	0x00038d28	0x00032624	0x00042624
g_OEM_C0_CmdHndlrBlade	0x30	blade C0	27	0x24	0x04	variable	0xaaaa	0x0000	setEnableCpu	0x00028de8	0x00038de8	0x00032634	0x00042634
g_OEM_C0_CmdHndlrBlade	0x30	blade C0	28	0x25	0x04	variable	0xaaaa	0x0000	getDisableCpuReason	0x00028ea0	0x00038ea0	0x00032644	0x00042644
g_OEM_C0_CmdHndlrBlade	0x30	blade C0	29	0x26	0x04	variable	0xaaaa	0x0000	setDisableCpuReason	0x00028f60	0x00038f60	0x00032654	0x00042654
g_OEM_C0_CmdHndlrBlade	0x30	blade C0	30	0x27	0x04	variable	0xaaaa	0x0000	setDumpflag	0x00029018	0x00039018	0x00032664	0x00042664
g_OEM_C0_CmdHndlrBlade	0x30	blade C0	31	0x28	0x04	variable	0xaaaa	0x0000	clearDumpflag	0x000290b4	0x000390b4	0x00032674	0x00042674
g_OEM_C0_CmdHndlrBlade	0x30	blade C0	32	0x32	0x04	variable	0xaaaa	0x0000	getSystemGuid	0x00029150	0x00039150	0x00032684	0x00042684
g_OEM_C0_CmdHndlrBlade	0x30	blade C0	33	0x51	0x04	variable	0xaaaa	0x0000	getHostSystemStatus	0x0002925c	0x0003925c	0x00032694	0x00042694
g_OEM_C0_CmdHndlrBlade	0x30	blade C0	34	0x52	0x04	variable	0xaaaa	0x0000	getCpuInfo	0x000295b4	0x000395b4	0x000326a4	0x000426a4
g_OEM_C0_CmdHndlrBlade	0x30	blade C0	35	0x53	0x04	variable	0xaaaa	0x0000	getMemoryInfo	0x00029734	0x00039734	0x000326b4	0x000426b4
g_OEM_C0_CmdHndlrBlade	0x30	blade C0	36	0x54	0x04	variable	0xaaaa	0x0000	getBootInfo	0x00029afc	0x00039afc	0x000326c4	0x000426c4
g_OEM_C0_CmdHndlrBlade	0x30	blade C0	37	0x56	0x04	variable	0xaaaa	0x0000	setBootOption	0x00029c60	0x00039c60	0x000326d4	0x000426d4
g_OEM_C0_CmdHndlrBlade	0x30	blade C0	38	0x59	0x04	variable	0xaaaa	0x0000	setSrvBladeForceShutdown	0x00029e1c	0x00039e1c	0x000326e4	0x000426e4
g_OEM_C0_CmdHndlrBlade	0x30	blade C0	39	0x5d	0x04	variable	0xaaaa	0x0000	setSrvBladeEvent	0x00029e5c	0x00039e5c	0x000326f4	0x000426f4
g_OEM_C0_CmdHndlrBlade	0x30	blade C0	40	0x57	0x04	variable	0xaaaa	0x0000	getSeverBladeStatus	0x00029d48	0x00039d48	0x00032704	0x00042704
g_OEM_C0_CmdHndlrBlade	0x30	blade C0	41	0x5f	0x04	variable	0xaaaa	0x0000	getDumpflag	0x00029f0c	0x00039f0c	0x00032714	0x00042714
g_OEM_C0_CmdHndlrBlade	0x30	blade C0	42	0x68	0x04	variable	0xaaaa	0x0000	getAssrConfig	0x00029fc0	0x00039fc0	0x00032724	0x00042724
g_OEM_C0_CmdHndlrBlade	0x30	blade C0	43	0x69	0x04	variable	0xaaaa	0x0000	setAssrConfig	0x0002a1e8	0x0003a1e8	0x00032734	0x00042734
g_OEM_C0_CmdHndlrBlade	0x30	blade C0	44	0x6a	0x04	variable	0xaaaa	0x0000	getWatchdogTimerEnable	0x0002a4a8	0x0003a4a8	0x00032744	0x00042744
g_OEM_C0_CmdHndlrBlade	0x30	blade C0	45	0x6b	0x04	variable	0xaaaa	0x0000	setWatchdogTimerEnable	0x0002a550	0x0003a550	0x00032754	0x00042754
g_OEM_C0_CmdHndlrBlade	0x30	blade C0	46	0x70	0x04	variable	0xaaaa	0x0000	setFlashRecovery	0x0002a624	0x0003a624	0x00032764	0x00042764
g_OEM_C0_CmdHndlrBlade	0x30	blade C0	47	0x75	0x04	variable	0xaaaa	0x0000	getBladeLanInfo	0x0002d044	0x0003d044	0x00032774	0x00042774
g_OEM_C0_CmdHndlrBlade	0x30	blade C0	48	0x80	0x04	variable	0xaaaa	0x0000	setServerBladeLocalTime	0x0002a840	0x0003a840	0x00032784	0x00042784
g_OEM_C0_CmdHndlrBlade	0x30	blade C0	49	0x81	0x04	variable	0xaaaa	0x0000	getSystemLocalTime	0x0002a8c8	0x0003a8c8	0x00032794	0x00042794
g_OEM_C0_CmdHndlrBlade	0x30	blade C0	50	0x87	0x04	variable	0xaaaa	0x0000	getPowerFull	0x0002a6f4	0x0003a6f4	0x000327a4	0x000427a4
g_OEM_C0_CmdHndlrBlade	0x30	blade C0	51	0x96	0x04	variable	0xaaaa	0x0000	getFanControlInfo	0x0002a928	0x0003a928	0x000327b4	0x000427b4
g_OEM_C0_CmdHndlrBlade	0x30	blade C0	52	0xa3	0x04	variable	0xaaaa	0x0000	getBladeSelEntry	0x0002aa40	0x0003aa40	0x000327c4	0x000427c4
g_OEM_C0_CmdHndlrBlade	0x30	blade C0	53	0xaa	0x04	variable	0xaaaa	0x0000	getPeripheralEventStatus	0x0002cc0c	0x0003cc0c	0x000327d4	0x000427d4
g_OEM_C0_CmdHndlrBlade	0x30	blade C0	54	0xad	0x04	variable	0xaaaa	0x0000	getBladeSelEntryLongText	0x0002aacc	0x0003aacc	0x000327e4	0x000427e4
g_OEM_C0_CmdHndlrBlade	0x30	blade C0	55	0xdd	0x04	variable	0xaaaa	0x0000	getViomSupport	0x0002ceac	0x0003ceac	0x000327f4	0x000427f4
g_OEM_C0_CmdHndlrBlade	0x30	blade C0	56	0x9b	0x04	variable	0xaaaa	0x0000	setCPUErrorConfig	0x00023d04	0x00033d04	0x00032804	0x00042804
g_OEM_C0_CmdHndlrBlade	0x30	blade C0	57	0xe6	0x04	variable	0xaaaa	0x0000	sendRawPeci	0x00023b34	0x00033b34	0x00032814	0x00042814
g_OEM_C0_CmdHndlrBlade	0x30	blade C0	58	0x00	0x00	0	0x0000	0x0000	?	-	0x00000000	0x00032824	0x00042824
g_OEM_CmdHndlr	0x2e	normal	0	0xf1	0x04	variable	0xaaaa	0x0000	OEM_FTS_BiosCmds	0x000109f8	0x000209f8	0x00032834	0x00042834
g_OEM_CmdHndlr	0x2e	normal	1	0xf5	0x04	variable	0xaaaa	0x0000	OEM_FTS_BmcCmds	0x0001ae80	0x0002ae80	0x00032844	0x00042844
g_OEM_CmdHndlr	0x2e	normal	2	0xf8	0x04	variable	0xaaaa	0x0000	OEM_FTS_BladeCmds	0x0002d724	0x0003d724	0x00032854	0x00042854
g_OEM_CmdHndlr	0x2e	normal	3	0xe0	0x04	variable	0xaaaa	0x0000	OEM_FTS_SCCI_CS_Cmds	0x00023f2c	0x00033f2c	0x00032864	0x00042864
g_OEM_CmdHndlr	0x2e	normal	4	0x01	0x02	variable	0xaaaa	0x0000	OEM_FTS_SCCI_POWER_Cmds	0x00024e04	0x00034e04	0x00032874	0x00042874
g_OEM_CmdHndlr	0x2e	normal	5	0x02	0x02	variable	0xaaaa	0x0000	OEM_FTS_SCCI_COM_Cmds	0x000252bc	0x000352bc	0x00032884	0x00042884
g_OEM_CmdHndlr	0x2e	normal	6	0x03	0x03	variable	0xaaaa	0x0000	OEM_FTS_SCCI_FAN_Cmds	0x000257e0	0x000357e0	0x00032894	0x00042894
g_OEM_CmdHndlr	0x2e	normal	7	0x07	0x04	variable	0xaaaa	0x0000	OEM_FTS_SCCI_MEM_Cmds	0x00025950	0x00035950	0x000328a4	0x000428a4
g_OEM_CmdHndlr	0x2e	normal	8	0x09	0x04	variable	0xaaaa	0x0000	OEM_FTS_SCCI_STATISTICS_Cmds	0x00025d08	0x00035d08	0x000328b4	0x000428b4
g_OEM_CmdHndlr	0x2e	normal	9	0x10	0x04	variable	0xaaaa	0x0000	OEM_FTS_SCCI_SIGNALLING_Cmds	0x00025f88	0x00035f88	0x000328c4	0x000428c4
g_OEM_CmdHndlr	0x2e	normal	10	0x00	0x00	0	0x0000	0x0000	?	-	0x00000000	0x000328d4	0x000428d4
g_Oem_GroupExtension_CmdHndlr	0x2c	normal	0	0x01	0x02	variable	0xaaaa	0x0000	GroupExtension01	0x0002da98	0x0003da98	0x000328e4	0x000428e4
g_Oem_GroupExtension_CmdHndlr	0x2c	normal	1	0x02	0x02	variable	0xaaaa	0x0000	GroupExtension02	0x0002db3c	0x0003db3c	0x000328f4	0x000428f4
g_Oem_GroupExtension_CmdHndlr	0x2c	normal	2	0x00	0x00	0	0x0000	0x0000	?	-	0x00000000	0x00032904	0x00042904
g_Oem_Config_CmdHndlr	0x0c	normal	0	0x01	0x04	variable	0xaaaa	0x0000	OEM_FTS_SetLanConfigParam	0x0002728c	0x0003728c	0x00032914	0x00042914
g_Oem_Config_CmdHndlr	0x0c	normal	1	0x00	0x00	0	0x0000	0x0000	?	-	0x00000000	0x00032924	0x00042924
g_Oem_Storage_CmdHndlr	0x0a	normal	0	0x10	0x02	variable	0xaaaa	0x0000	OEM_FTS_GetFRUAreaInfo	0x00026940	0x00036940	0x00032934	0x00042934
g_Oem_Storage_CmdHndlr	0x0a	normal	1	0x11	0x02	variable	0xaaaa	0x0000	OEM_FTS_ReadFRUData	0x0002682c	0x0003682c	0x00032944	0x00042944
g_Oem_Storage_CmdHndlr	0x0a	normal	2	0x12	0x03	variable	0xaaaa	0x0000	OEM_FTS_WriteFRUData	0x000268b0	0x000368b0	0x00032954	0x00042954
g_Oem_Storage_CmdHndlr	0x0a	normal	3	0x23	0x02	variable	0xaaaa	0x0000	OEM_FTS_GetSdr	0x000269c8	0x000369c8	0x00032964	0x00042964
g_Oem_Storage_CmdHndlr	0x0a	normal	4	0x20	0x02	variable	0xaaaa	0x0000	OEM_FTS_GetSdrRepositoryInfo	0x00026b3c	0x00036b3c	0x00032974	0x00042974
g_Oem_Storage_CmdHndlr	0x0a	normal	5	0x49	0x03	variable	0xaaaa	0x0000	OEM_FTS_SetSelTime	0x00027214	0x00037214	0x00032984	0x00042984
g_Oem_Storage_CmdHndlr	0x0a	normal	6	0x5c	0x02	variable	0xaaaa	0x0000	OEM_FTS_GetSelTimeUtcOffset	0x00027224	0x00037224	0x00032994	0x00042994
g_Oem_Storage_CmdHndlr	0x0a	normal	7	0x00	0x00	0	0x0000	0x0000	?	-	0x00000000	0x000329a4	0x000429a4
g_Oem_SensorEvent_CmdHndlr	0x04	normal	0	0x16	0x04	variable	0xaaaa	0x0000	OEM_FTS_AlertImmediate	0x00026bec	0x00036bec	0x000329b4	0x000429b4
g_Oem_SensorEvent_CmdHndlr	0x04	normal	1	0x00	0x00	0	0x0000	0x0000	?	-	0x00000000	0x000329c4	0x000429c4
g_Oem_Bridge_CmdHndlr	0x02	normal	0	0x00	0x00	0	0x0000	0x0000	?	-	0x00000000	0x000329d4	0x000429d4
g_Oem_Chassis_CmdHndlr	0x00	normal	0	0x0f	0x02	variable	0xaaaa	0x0000	OEM_FTS_GetPOHCounter	0x00026528	0x00036528	0x000329e4	0x000429e4
g_Oem_Chassis_CmdHndlr	0x00	normal	1	0x02	0x03	1	0xaaaa	0x0000	OEM_FTS_ChassisControl	0x00026620	0x00036620	0x000329f4	0x000429f4
g_Oem_Chassis_CmdHndlr	0x00	normal	2	0x08	0x03	variable	0xaaaa	0x0000	OEM_FTS_SetSysBOOTOptions	0x00018fac	0x00028fac	0x00032a04	0x00042a04
g_Oem_Chassis_CmdHndlr	0x00	normal	3	0x00	0x00	0	0x0000	0x0000	?	-	0x00000000	0x00032a14	0x00042a14
# total_records	160
